<?xml version="1.0" encoding="UTF-8" standalone="yes"?>
<deck xmlns:xsi="http://www.w3.org/2001/XMLSchema-instance">
	<card>
		<index>0</index>
		<arcana>major</arcana>
		<number>0</number>
		<type>elemental</type>
		<element>air</element>
		<name>Fool</name>
		<color>pale yellow</color>
		<hex>#ffff99</hex>
		<image>trump/fool.gif</image>
		<situation>This is a time of freshness and spontaneity, be ready to embrace whatever comes.</situation>
		<challenge>Absence, negligence, apathy, nullity, and vanity pose threats.</challenge>
		<higher_power>Accessing your higher ideals you can make a fresh start, seek new experiences.</higher_power>
		<foundation>You have an intuitive sense of beginning, choice, and distribution with carefree spontaneity.</foundation>
		<past>A blind innocence, and negligent faith has been revealed.</past>
		<future>An environment of folly, mania, and extravagance possibly a new chapter blinded by ignorance, you must listen to warnings.</future>
		<blocks>You may give in to extravagance, intoxication, and delirium.</blocks>
		<influences>The naivete, foolish, foolhardy, and blundering ideas of the novice.</influences>
		<hope_fear>An act of indiscretion reveals a faulty choice.</hope_fear>
		<outcome>The generative power of nature whirls chaos into a creative center.</outcome>
	</card>
	<card>
		<index>1</index>
		<arcana>major</arcana>
		<number>I</number>
		<type>planetary</type>
		<element>Mercury</element>
		<name>Magician</name>
		<color>yellow</color>
		<hex>#ffcc00</hex>
		<image>trump/magus.gif</image>
		<situation>Your self-confidence and your will are in harmony, you are in a position to take charge.</situation>
		<challenge>There is mental illness, disgrace, disquiet, loss, or disaster which requires you to take action.</challenge>
		<higher_power>The use of mental skill, diplomacy, and address to fulfill your own will.</higher_power>
		<foundation>You have great self-control, by possessing skills of will and action you have the ability to transform your world at will.</foundation>
		<past>Wisdom gained by loss and disaster have taken a toll on self-confidence.</past>
		<future>Self-confidence will plan and arrange your world to your will.</future>
		<blocks>You have an unstable principle, ever moving never still, which must be quieted.</blocks>
		<influences>A person or group of people with skill, whom use diplomacy and action to take charge.</influences>
		<hope_fear>Taking charge of things according to your own will.</hope_fear>
		<outcome>A transparent intelligence will reveal a plan for you to take charge according to your own will, "as above, so below."</outcome>
	</card>
	<card>
		<index>2</index>
		<arcana>major</arcana>
		<number>II</number>
		<type>planetary</type>
		<element>Moon</element>
		<name>High Priestess</name>
		<color>blue</color>
		<hex>#0000ff</hex>
		<image>trump/priestess.gif</image>
		<situation>The future as yet unrevealed secrets create mystery.</situation>
		<challenge>Overcome silence and conceit based on surface knowledge of secrets.</challenge>
		<higher_power>You can activate passion, moral or physical ardor.</higher_power>
		<foundation>Your intuition allows you to cross over what is matter, energy, space, time without mystery.</foundation>
		<past>Your subconscious powers will be charged, surface knowledge clouds a situation in which your gut disagreed.</past>
		<future>Secrets and mystery will be revealed.</future>
		<blocks>You remain silent in conceit of secrets and surface knowledge.</blocks>
		<influences>A uniting force realizing spiritual truth.</influences>
		<hope_fear>Revealing secrets.</hope_fear>
		<outcome>Wisdom is gained through trusting your intuition.</outcome>
	</card>
	<card>
		<index>3</index>
		<arcana>major</arcana>
		<number>III</number>
		<type>planetary</type>
		<element>Venus</element>
		<name>Empress</name>
		<color>emerald green</color>
		<hex>#008000</hex>
		<image>trump/empress.gif</image>
		<situation>There is an unraveling of involved matters.</situation>
		<challenge>Karmic mood swings can wipe out plans.</challenge>
		<higher_power>Mother abilities in a good sense, patient, loving, generous.</higher_power>
		<foundation>Your health and kindliness serve as a fertile womb for truth.</foundation>
		<past>Vacillation, doubt and ignorance.</past>
		<future>Abundance in good health.</future>
		<blocks>You can be difficult in unraveling involved matters.</blocks>
		<influences>Motherly influences.</influences>
		<hope_fear>Fertility</hope_fear>
		<outcome>Fruitfulness and abundance.</outcome>
	</card>
	<card>
		<index>4</index>
		<arcana>major</arcana>
		<number>IV</number>
		<type>zodiacal</type>
		<element>Aries</element>
		<name>Emperor</name>
		<color>red</color>
		<hex>#ff0000</hex>
		<image>trump/emperor.gif</image>
		<situation>The benevolence and compassion of a Father is signifigant to you at this time, you may need to act with conviction for stability and aid of reason.</situation>
		<challenge>You need to act with the benevolence and compassion of a father.</challenge>
		<higher_power>Fiery energetic qualities.</higher_power>
		<foundation>Stability, and aid of reason.</foundation>
		<past>Acting with conviction.</past>
		<future>You will be involved with some kind of established order, or some one who is a representative of the 'establishment'. You may feel a need to belong to them, there is a structure giving desire that points to your pragmatic thirst for power and an iron show of strength.</future>
		<blocks>Vacillation.</blocks>
		<influences>Great people of conviction and reason, fatherly figures.</influences>
		<hope_fear>Power.</hope_fear>
		<outcome>Compassion will be shown.</outcome>
	</card>
	<card>
		<index>5</index>
		<arcana>major</arcana>
		<number>V</number>
		<type>trump</type>
		<element>Taurus</element>
		<name>Hierophant</name>
		<color>red orange</color>
		<hex>#ff3300</hex>
		<image>trump/hierophant.gif</image>
		<situation>A blessing of love and spiritual well-being.</situation>
		<challenge>You are called to do spiritual work.</challenge>
		<higher_power>The keys to the kingdom of heaven symbolize the spiritual knowledge and wisdom you possess.</higher_power>
		<foundation>Your authority and supreme status earned through devotion.</foundation>
		<past>Bound by tradition and ceremony.</past>
		<future>Convictions are readily bound to actions.</future>
		<blocks>You will find grounding in a traditional force in your life, be it religion, philosophy, or any other group of authority. This group or tradition serves you in many ways, inspirationally , with guidance on a path of ethics and virtue.</blocks>
		<influences>Authority and servitude.</influences>
		<hope_fear>Examining your own belief system.</hope_fear>
		<outcome>Conviction to a higher-self sheds mercy.</outcome>
	</card>
	<card>
		<index>6</index>
		<arcana>major</arcana>
		<number>VI</number>
		<type>trump</type>
		<element>Gemini</element>
		<name>Lovers</name>
		<color>orange</color>
		<hex>#ff8800</hex>
		<image>trump/lovers.gif</image>
		<situation>A situation of awareness, a reminder that balance is essential, "it takes two to Tango."</situation>
		<challenge>Temptation of simple trappings.</challenge>
		<higher_power>Trust, respect, devotion, commitment, compatibility and compassion.</higher_power>
		<foundation>You are capable of love.</foundation>
		<past>Relationships were of natural development.</past>
		<future>Relationships will be about subtle expression and communication.</future>
		<blocks>Easily caught up in whirlwind of passion.</blocks>
		<influences>Partners with no restraints or expectations.</influences>
		<hope_fear>Honest relationships.</hope_fear>
		<outcome>A passionate and loving, trusting relationship, trials overcome.</outcome>
	</card>
	<card>
		<index>7</index>
		<arcana>major</arcana>
		<number>VII</number>
		<type>trump</type>
		<element>Cancer</element>
		<name>Chariot</name>
		<color>amber</color>
		<hex>#f80800</hex>
		<image>trump/chariot.gif</image>
		<situation>Through discipline and will power you have developed the great inner control that is necessary to triumph over your enviroment.</situation>
		<challenge>Look upon a problem with a different perspective, consider skill, balance, determination and exertion of visible control of oneself as a way to command victorously over the situation.</challenge>
		<higher_power>Will power can accomplish anything, all barriers will fall before you if your the ego is asseryively controlled.</higher_power>
		<foundation>Your vigorous ego allows you to feel swift in motion and at the peak of physical perfection, thereby you ride victorously through your world commanding success.</foundation>
		<past>An obsession about work or an issue of self identity attached to discipline, will-power,and over-achieving.</past>
		<future>You are assured a certain confidence, tremendous focus and drive will be a source pride and self satisfaction.</future>
		<blocks>For the moment your self-assertive control is all that you might wish, you may not be able to see beyond your own ego and prode.</blocks>
		<influences>Mastery through will-power and discipline, motion and change within controlled enviroments.</influences>
		<hope_fear>Your ego is victorious.</hope_fear>
		<outcome>By this time you have developed a strong identity and mastery of your personality use that to triumph over your enviroment, assertive and visible control will be your sucess.</outcome>
	</card>
	<card>
		<index>8</index>
		<arcana>major</arcana>
		<number>VIII</number>
		<type>trump</type>
		<element>Leo</element>
		<name>Strength</name>
		<color>yellow-greenish</color>
		<hex>#f0ff000</hex>
		<image>trump/strength.gif</image>
		<situation>Strength is required for all challenges ahead.</situation>
		<challenge>Having compassion and understanding is more effective than brute strength.</challenge>
		<higher_power>You are already complete and self-love is key to meeting your needs.</higher_power>
		<foundation>Self-love, grace under pressure and compassion define your strength.</foundation>
		<past>Aspirations, achievement, courage and accomplishment.</past>
		<future>You are aware you will always be met with challenges, however what makes them difficult or easy is the way you approach them.</future>
		<blocks>You have a need to feed syndrome, more this, more that, more to feel at ease.</blocks>
		<influences>Physical urges and cravings.</influences>
		<hope_fear>Victory over primal urges.</hope_fear>
		<outcome>Harmony in hearts is realized and balance is achieved.</outcome>
	</card>
	<card>
		<index>9</index>
		<arcana>major</arcana>
		<number>IX</number>
		<type>trump</type>
		<element>Virgo</element>
		<name>Hermit</name>
		<color>green-yellowish</color>
		<hex>#a6a331</hex>
		<image>trump/hermit.gif</image>
		<situation>You should take each step with deliberate approach, purposefully removing yourself from external chatter. You are going through an important experience within yourself that is allowing you to perceive who you are, what you want, and how you can get there. This is a time for depth of experience and heights of perception found when you are able to be alone with yourself.</situation>
		<challenge>Now may be a moment for you to tell everyone to leave you alone, you need more seclusion and time to assimilate and process.</challenge>
		<higher_power>An ability to use isolation and the knowledge you gain from it as a tool to think things through on your path to even higher levels of consciousness.</higher_power>
		<foundation>Your need to find a deeper truth is what you are looking for when you are alone with your feelings and motivations. In time you may seek a teacher or guide.</foundation>
		<past>You went through a phase of seclusion, where you shielded yourself from outside influences, a time of repose and peace. You were able to see who you really are.</past>
		<future>You will be going through a comfortable phase of seclusion, while stopping to take a break from daily life, ask yourself if the path your on still has as much meaning as it did when you began.  Allow yourself to percieve who you are, it will be a time of heightened perception.</future>
		<blocks>You are distancing yourself from the regular routine world in order to gain a deeper insight.</blocks>
		<influences>The power and authority that belongs to pilgrims, saints and priests sourrounds you as you have relegated yourself to a temporary yet austere solitude.</influences>
		<hope_fear>Ultimate self awareness.</hope_fear>
		<outcome>While you posess the gift of seeing, and even further understanding, the deeper issues in this matter, you will need some private time to to consider what steps you will take from here.</outcome>
	</card>
	<card>
		<index>10</index>
		<arcana>major</arcana>
		<number>X</number>
		<type>trump</type>
		<element>Jupiter</element>
		<name>Wheel of Fortune</name>
		<color>purple</color>
		<hex>#800080</hex>
		<image>trump/wheel.gif</image>
		<situation>Generally indicates a happy, unexpected event is in the works.</situation>
		<challenge>The nature of Fate that surprises aren't always so happy, what is good or bad is in our interpretation.</challenge>
		<higher_power>You recognize "what goes around, comes around" consequences.</higher_power>
		<foundation>You have accepted your karma, and you have considered your actions and how they affect others.</foundation>
		<past>What you have reaped you have sown.</past>
		<future>Motion flows in cycles</future>
		<blocks>Accept that sometimes things just happen.</blocks>
		<influences>Unexpected surprise.</influences>
		<hope_fear>Kharma.</hope_fear>
		<outcome>How do you feel about luck?</outcome>
	</card>
	<card>
		<index>11</index>
		<arcana>major</arcana>
		<number>XI</number>
		<type>trump</type>
		<element>Libra</element>
		<name>Justice</name>
		<color>emerald green</color>
		<hex>#008000</hex>
		<image>trump/justice.gif</image>
		<situation>You know you should do something and you're not doing it.</situation>
		<challenge>Take responsibility be straight forward and to the point.</challenge>
		<higher_power>You can cut down all illusions and expose the heart if the matter for what it is. Moderation on all things keep you on solid ground and allow you to create and emotional balance.</higher_power>
		<foundation>You can look at your responsibilities and see when you've been falling short, look to create emotional balance, your judgement s good and fair now.</foundation>
		<past>Settling things in a rational manner.</past>
		<future>Paperwork needs to be sorted out.</future>
		<blocks>You use means of excessive severity.</blocks>
		<influences>You are confronted by the results of your actions, be they good or bad. If you behave your actions will be recognized, but if you try to take advantage you will fail.</influences>
		<hope_fear>Consequences.</hope_fear>
		<outcome>Self examination may be uncomfortable but it is for the best, as we cut away from the clutter we inevitably benefit.</outcome>
	</card>
	<card>
		<index>12</index>
		<arcana>major</arcana>
		<number>XII</number>
		<type>trump</type>
		<element>water</element>
		<name>Hanged Man</name>
		<color>deep blue</color>
		<hex>#000088</hex>
		<image>trump/hanged_man.gif</image>
		<situation>You are stuck in a dilema, suspended between past and future, you cannot do anything about it now, it has already been done.  A state of purposeful, complete surrender may be necessary to for you to become more spiritually attuned, and take your time to make the right decisions from here.</situation>
		<challenge>Suspend all expectations and actions.</challenge>
		<higher_power>Simply "be" allow things to flow.</higher_power>
		<foundation>You gain perspective by indentifying habits that you cling to and which hinder your progress.</foundation>
		<past>Giving up things that do not serve you.</past>
		<future>Crossroads before you, your thoughts have bubbled up to a loss of decision, lay still answers will come.</future>
		<blocks>The more you struggle and rage against your circumstances, the tighter your knots will be.</blocks>
		<influences>No expectations</influences>
		<hope_fear>Surrender of mind and body to universal flow.</hope_fear>
		<outcome>Gain of higher-self, enlightenment.</outcome>
	</card>
	<card>
		<index>13</index>
		<arcana>major</arcana>
		<number>XIII</number>
		<type>trump</type>
		<element>Scorpio</element>
		<name>Death</name>
		<color>green blue</color>
		<hex>#008888</hex>
		<image>trump/death.gif</image>
		<situation>Circumstances are dragging on far too long, the only way to make a clean break is to have a sharp ending.</situation>
		<challenge>Find the beginning in the end.</challenge>
		<higher_power>You are experiencing a kind of metamorphasis that entails a destruction of the old. Discarding your usual patterns and paradigms will allow the transformation to take place.</higher_power>
		<foundation>Where there is an ending, there is also a beginning, you can put behind you aspects you have outgrown.</foundation>
		<past>Endings are followed by beginnings.</past>
		<future>Promise of new hope means you may have to endure a few stinging thorns.</future>
		<blocks>The way in which you handle change.</blocks>
		<influences>Inevitabilities.</influences>
		<hope_fear>Change.</hope_fear>
		<outcome>Not an end just a motion in a different direction.</outcome>
	</card>
	<card>
		<index>14</index>
		<arcana>major</arcana>
		<number>XIV</number>
		<type>trump</type>
		<element>Sagittarius</element>
		<name>Temperance</name>
		<color>blue</color>
		<hex>#0000ff</hex>
		<image>trump/temperance.gif</image>
		<situation>Tranquil waters are running through your spirit, a healing is in need or is taking place, you are learning to temper your ego with your spiritual needs, this is a time of inner growth.</situation>
		<challenge>Recognize the "flow" in your own life, and observe the nature if energy.</challenge>
		<higher_power>The "flow" is your source of power, cleansing your energy providing you with peace.</higher_power>
		<foundation>The "flow" is your source of power, cleansing your energy providing you with peace.</foundation>
		<past>Going with the "flow" finding the right mix, keeping in motion</past>
		<future>Making a spiritual walk.</future>
		<blocks>Subtle shifts are or need to take place in order to gain peaceful serenity.</blocks>
		<influences>Patterns, take them to find a good balance.</influences>
		<hope_fear>Moderation is put to play and you connect with a natural flow.</hope_fear>
		<outcome>The mixing of the right ingredients in order to flow easily on the path.</outcome>
	</card>
	<card>
		<index>15</index>
		<arcana>major</arcana>
		<number>XV</number>
		<type>trump</type>
		<element>Capricorn</element>
		<name>Devil</name>
		<color>indigo</color>
		<hex>#000088</hex>
		<image>trump/devil.gif</image>
		<situation>Consider who or what is in charge of your life.</situation>
		<challenge>Very primitive base energy states feed on your own filthy thoughts, making you feel trapped.</challenge>
		<higher_power>Lower level energy is dispelled when we carry the light in our hearts and minds.</higher_power>
		<foundation>There is no darkness, only absence of light.</foundation>
		<past>A very loud message that you are giving up your control to base nature.</past>
		<future>You realize you have already dropped to a level of functioning that is beneath you.</future>
		<blocks>You operate under the illusion that love and acceptance must be obtained at all costs.</blocks>
		<influences>Addictions, nagging and pesky.</influences>
		<hope_fear>Love and acceptance can never be gained because they are always yours.</hope_fear>
		<outcome>The material world seduces with lust for physical pleasure, discretion should be used in personal and business matters.</outcome>
	</card>
	<card>
		<index>16</index>
		<arcana>major</arcana>
		<number>XVI</number>
		<type>trump</type>
		<element>Mars</element>
		<name>Tower</name>
		<color>red</color>
		<hex>#ff0000</hex>
		<image>trump/tower.gif</image>
		<situation>There's something you're not paying attention to that is going to force you to do a reality check.</situation>
		<challenge>Admit to problems before they blindside you, if they already have nurture yourself as best you can and learn from those lessons.</challenge>
		<higher_power>A bolt of enlightenment so powerful it knocks you out of your "ivory tower" of thought.</higher_power>
		<foundation>You've experienced upheaval before, you can nurture yourself and learn from the lessons.</foundation>
		<past>All the signs had been around you, you refused to admit the problem.</past>
		<future>Take head of warning and examine your life, you may be able to save yourself some grief in the future.</future>
		<blocks>Getting stuck in an unhealthy rut, allowing things to go on underneath your nose.</blocks>
		<influences>Living under false pretenses, pretending about something</influences>
		<hope_fear>Change.</hope_fear>
		<outcome>Very sudden, not so pleasant, change is a universal wake up call to get you out of the fog you've been in.</outcome>
	</card>
	<card>
		<index>17</index>
		<arcana>major</arcana>
		<number>XVII</number>
		<type>trump</type>
		<element>Aquarius</element>
		<name>Star</name>
		<color>violet</color>
		<hex>#ff00ff</hex>
		<image>trump/star.gif</image>
		<situation>There is a fine line between self-delusion and inspiration when considering the art of intuition, listen to your inner voices and trust Spirit as Spirit entrusts you with an expanded view of your original nature in this world.</situation>
		<challenge>Your goals are on track, but to realize them know that you must take positive action.</challenge>
		<higher_power>The guidance you receive is filled with blissful peace, and rejuvenating blessings,which fill your own higher-consciousness.</higher_power>
		<foundation>You can trust your intuitions and your Spirit, you are ever growing in ways to express your true self.</foundation>
		<past>You have been part of a cleansing process of peaceful being and affirmations of hope that all is well.</past>
		<future>Assurance that each one of your days are to be saturated with promise of joy, truth and love. </future>
		<blocks>The involvement with the intuitive arts or a the interactions with hyper natural guiding force have shaped you perspectives on all things concerned.</blocks>
		<influences>Higher powers are present, offerring healing waters, hope and serenity. Reflect on the guidance surrounding you for personal power in knowing yourself.</influences>
		<hope_fear>Trusting intuition.</hope_fear>
		<outcome>This card is an affirmation that there is hope, be at peace and know all is well, you are on the right path, relax and it will all work out.</outcome>
	</card>
	<card>
		<index>18</index>
		<arcana>major</arcana>
		<number>XVIII</number>
		<type>trump</type>
		<element>Pisces</element>
		<name>Moon</name>
		<color>Crimson</color>
		<hex>#ff0088</hex>
		<image>trump/moon.gif</image>
		<situation>Sometimes a signal that you are lost, wandering aimlessly, or suffering internal anxieties and fear.</situation>
		<challenge>Allow the unusual into your life, use to inspire and enchant your imagination.</challenge>
		<higher_power>Intuitive clarity comes from your reflective light, which you can use to determine best thoughts or actions.</higher_power>
		<foundation>You are constantly aware of what is influencing you, but your illusive guide may be just as much hindrance as it is help.</foundation>
		<past>You were more in touch with your premonitions and desires.</past>
		<future>Look at your influences as you may find your self feeling very confused.</future>
		<blocks>Not using your intuitive side.</blocks>
		<influences>Luminary, stimulating the imagination, feeling disoriented.</influences>
		<hope_fear>Plumbing the unconscious.</hope_fear>
		<outcome>You must be vigilant in unraveling your thoughts, to see clearly what is causing you to move in a certain direction.</outcome>
	</card>
	<card>
		<index>19</index>
		<arcana>major</arcana>
		<number>XIX</number>
		<type>trump</type>
		<element>Sun</element>
		<name>Sun</name>
		<color>orange</color>
		<hex>#ff8000</hex>
		<image>trump/sun.gif</image>
		<situation>Breakthrough brings clarity, trust, new understanding and beginnings.</situation>
		<challenge>Allow greatness to stand out and finally you will be able to see and understand all that is happening.</challenge>
		<higher_power>Brilliance, clarity, enlightenment.</higher_power>
		<foundation>You've already come to a point of clarity, you are enlightened.</foundation>
		<past>You've come out of the dark, had a breakthrough.</past>
		<future>You will be successful at all that you undertake.</future>
		<blocks>You feel cheerful, confident and ready to undertake new begininngs and make positive changes. Total confidence makes you predictable, you feel a great deal of enthusiasm and don't seem to be worried about the outcome.</blocks>
		<influences>Inevitable presence of life giving power.</influences>
		<hope_fear>Clarity.</hope_fear>
		<outcome>Trust that your way is always illuminated by the sun and there is no need to fear the darkness.</outcome>
	</card>
	<card>
		<index>20</index>
		<arcana>major</arcana>
		<number>XX</number>
		<type>trump</type>
		<element>Fire</element>
		<name>Judgment</name>
		<color>red orange</color>
		<hex>#ff3300</hex>
		<image>trump/judgement.gif</image>
		<situation>It is a time to listen to the sound of your own voice with self honesty, you can make the decisions necessary to rise up to challenges and embrace your life.</situation>
		<challenge>Doubt yourself and you doubt everything you see, judge yourself and you see judges everywhere, learn your truth and decisions will come with ease.</challenge>
		<higher_power>Knowledge of truth is your power and when you imbibe it with a fully opened mind you become most powerful.</higher_power>
		<foundation>You understand how a balanced mind provides the clarity to hear the invigorating inner voices and to find the inspiration to answer to life's callings, you know how to use your truth.</foundation>
		<past>Higher energies are in motion so that you can transform and move on to a new phase of life, have faith.</past>
		<future>You will be inspired at your crossroads to lift yourself and transform, if you listen to the sound of your own voice, you can rise above doubt and judgement, and you can see forever.</future>
		<blocks>Judgement plays a part in your everyday life, honesty and love are the basis of your virtue,  possibly you have forgotten that in this matter?</blocks>
		<influences>There is an audible calling for you to rise out of your complacency, it could come as a divine intervention or an inner voice which is urging you to move on.</influences>
		<hope_fear>Transformation.</hope_fear>
		<outcome>The best way to make a transformation is to be honest with your self, this is the only way you can hear, and listen to, your highest powers of judgement.</outcome>
	</card>
	<card>
		<index>21</index>
		<arcana>minor</arcana>
		<number>XXII</number>
		<type>trump</type>
		<element>Saturn</element>
		<name>Universe</name>
		<color>#510099</color>
		<image>trump/universe.gif</image>
		<situation>This is a highly auspicious card, it is foretelling you that the world is a promise of success, and a reminder that the highest value in life is the condition of your soul.</situation>
		<challenge>Are you ready for your time of glory? Balance and unity will help you work out differences to your advantage so that all things can work as one.</challenge>
		<higher_power>Elightenment is the achievement of an absolute balance of self-enrichment and soul-fufillment attained through sacred knowledge and cosmic consciousness.</higher_power>
		<foundation>You are assured of the infinate rewards of the world when you make positive efforts to improve yourself and those around you, to make the world a better place.</foundation>
		<past>Working out differemces using balance and unity to your advantage.</past>
		<future>You will be rewarded with a success.</future>
		<blocks>Closure and fulfillment may still elude you.</blocks>
		<influences>Sacred knowledge of the world and it's infanite balance and unity.</influences>
		<hope_fear>Success</hope_fear>
		<outcome>In a reading this card is highly auspicious. It means that the project you've been working on will receieve the highest acclaim. The counseling you've been undergoing with your lover will lead to a happy conclusion. The rehabilitation you've been going through will have a profound and healthy outcome. The World is a promise of success, and a reminder that the highest value in life is the condition of your own soul.</outcome>
	</card>
	<card>
		<index>22</index>
		<arcana>minor</arcana>
		<number>I</number>
		<type>wands</type>
		<element>fire</element>
		<name>Ace of Wands</name>
		<color>white</color>
		<hex>#ffffff</hex>
		<image>wands/1.gif</image>
		<situation>This card marks the beginning of a new direction, and serves to remind you of the creative control you have in your life.</situation>
		<challenge>You are experinceing delays getting a hold of your wants and desires, don't let your emotions control you.</challenge>
		<higher_power>Clarity and creative insight.</higher_power>
		<foundation>Internal creative powers.</foundation>
		<past>The Ace of Wands is symbolic of the initiative, courage and enthusiasm you had, as well as your willingness to tale risks, sometimes this can be an indication of impetuousness in an emotional state.</past>
		<future>A promise of change, and positive energy building.</future>
		<blocks>Are you wants and desires controlling you?</blocks>
		<influences>Creative forces are all around you.</influences>
		<hope_fear>A new beginning.</hope_fear>
		<outcome>Victory is at hand you will now be re-energized.</outcome>
		<path>Ether</path>
	</card>
	<card>
		<index>23</index>
		<arcana>minor</arcana>
		<number>II</number>
		<type>wands</type>
		<element>fire</element>
		<name>Two of Wands</name>
		<color>grey</color>
		<hex>#cccccc</hex>
		<image>wands/2.gif</image>
		<situation>You may feel that having personal power is to have the world is in the palm of your hand.</situation>
		<challenge>Find your courage, allow yourself free reign.</challenge>
		<higher_power>Taking risks, pioneering an idea, taking a different approach.</higher_power>
		<foundation>You're a powerful person that attracts like a magnet. You have started something and have definitely decided to pursue this new course as a means of validating yourself.</foundation>
		<past>Intoxicating feelings of power.</past>
		<future>Use your power to mold your environment in positive ways.</future>
		<blocks>Using power for it's own sake.</blocks>
		<influences>Authority, boldness, originality.</influences>
		<hope_fear>Power</hope_fear>
		<outcome>The time is right for a bold creative move, forget subtlety and old tired approaches.</outcome>
	</card>
	<card>
		<index>24</index>
		<arcana>minor</arcana>
		<number>III</number>
		<type>wands</type>
		<element>fire</element>
		<name>Three of Wands</name>
		<title>Virtue</title>
		<color>black</color>
		<hex>#000000</hex>
		<image>wands/3.gif</image>
		<situation>Take the long view, don't react, step back and consider. Sometimes called the watcher.</situation>
		<challenge>Dream beyond current limitations.</challenge>
		<higher_power>You have a definite vantage point, premonitions or other intuitions.</higher_power>
		<foundation>You have a point of inner balance where you are clear about the things you want to create in your life.</foundation>
		<past>Informed courage allowed you to fearlessly move into new areas.</past>
		<future>You not only see far but you must go also go ahead as a leader.</future>
		<blocks>This cards asks you to be a visionary.</blocks>
		<influences>Nobility, watchers from high vantage points.</influences>
		<hope_fear>Being a visionary.</hope_fear>
		<outcome>Now is the time to accept your vision and be confident that you can lead others to it.</outcome>
	</card>
	<card>
		<index>25</index>
		<arcana>minor</arcana>
		<number>IV</number>
		<type>wands</type>
		<element>fire</element>
		<name>Four of Wands</name>
		<color>blue</color>
		<hex>#0000ff</hex>
		<image>wands/4.gif</image>
		<situation>Events and experiences that will generate excitement, could be surprise or planned celebration.</situation>
		<challenge>Don't be afraid to claim happiness that is yours, when you break the bonds that bind you  feel triumphant and ready to move on.</challenge>
		<higher_power>Breaking free of bonds, recognizing success and relishing the moment, this is how a secure phase of socialibility can fufill you. Allowing you to take a more active role in life, aditionally your contacts with other people are solidified.</higher_power>
		<foundation>Life has a high as a kite feeling, you can feel the moment with the excitement of a child.</foundation>
		<past>The solemn side of celebration, as a chance to reflect on the joy of living</past>
		<future>Freedom and triumphant celebration.</future>
		<blocks>Being able to contain childlike excitement as a mature adult.</blocks>
		<influences>Events that generate excitement.</influences>
		<hope_fear>Freedom</hope_fear>
		<outcome>Excitement will be had, celebrate the joy of living, and move on to a new period of growth.</outcome>
	</card>
	<card>
		<index>26</index>
		<arcana>minor</arcana>
		<number>V</number>
		<type>wands</type>
		<element>fire</element>
		<name>Five of Wands</name>
		<color>red</color>
		<hex>#ff0000</hex>
		<image>wands/5.gif</image>
		<situation>Your environment seems to be working against you.</situation>
		<challenge>You must challenge yourself to change and adapt to new and difficult circumstances, your competition may be cut throat, or  under handed, your public self image may be at risk.</challenge>
		<higher_power>Useful competition, fosters extra effort, excitement and encourages you to do your best.</higher_power>
		<foundation>You can use competition to work for you.</foundation>
		<past>Everything is working at cross purposes.</past>
		<future>Be prepared for a bumpy ride, there is no coordinated effort, no agreement.</future>
		<blocks>Competitiveness.</blocks>
		<influences>Small irritating blockages.</influences>
		<hope_fear>Competition.</hope_fear>
		<outcome>At it's heart competition is divisive, work toward cooperation.</outcome>
	</card>
	<card>
		<index>27</index>
		<arcana>minor</arcana>
		<number>VI</number>
		<type>wands</type>
		<element>fire</element>
		<name>Six of Wands</name>
		<color>yellow</color>
		<hex>#ffff00</hex>
		<image>wands/6.gif</image>
		<situation>You've been working hard toward a goal and success is finally within reach.</situation>
		<challenge>Accepting success, enjoying self-esteem.</challenge>
		<higher_power>Victory comes easily to you.</higher_power>
		<foundation>You know that triumph does not mean beating someone else.</foundation>
		<past>You are the victor, but too much pride could have lead to arrogance.</past>
		<future>Success is assured but watch for self-inflation.</future>
		<blocks>Don't forget that individual achievements are not really individual at all.</blocks>
		<influences>Victorious, triumphant, support of others.</influences>
		<hope_fear>Victory.</hope_fear>
		<outcome>You will enjoy your triumph and feel good about yourself.</outcome>
	</card>
	<card>
		<index>28</index>
		<arcana>minor</arcana>
		<number>VII</number>
		<type>wands</type>
		<element>fire</element>
		<name>Seven of Wands</name>
		<color>green</color>
		<hex>#008000</hex>
		<image>wands/7.gif</image>
		<situation>Taking a stand is a forceful act that changes the energy flow, when we take up firm position others do the same.</situation>
		<challenge>Some battles are worth fighting, some are just trouble, is it worth the struggle?</challenge>
		<higher_power>Your strong convictions and strength of character make a difference.</higher_power>
		<foundation>You don't let battle lines be drawn unless war is worth fighting.</foundation>
		<past>An energy of resistance has been set in motion.</past>
		<future>You will take a stand.</future>
		<blocks>Taking a stand is a forceful act.</blocks>
		<influences>Honest characters with great strength and conviction.</influences>
		<hope_fear>Taking a stand g dammit.</hope_fear>
		<outcome>You will be appraoched by competitors, and envious people, this will be represented as some kind of threat to your accomplishments, nevertheless your prospects should be good because you are sparring from a favorable position, be skillful and alert!</outcome>
	</card>
	<card>
		<index>29</index>
		<arcana>minor</arcana>
		<number>VIII</number>
		<type>wands</type>
		<element>fire</element>
		<name>Eight of Wands</name>
		<color>orange</color>
		<hex>#ff8000</hex>
		<image>wands/8.gif</image>
		<situation>Now is the time to declare yourself, stay alert, news could show up in a disguised form.</situation>
		<challenge>Don't hesitate, if events are in motion they will proceed rapidly.</challenge>
		<higher_power>Taking quick action</higher_power>
		<foundation>Somehow you wile obtain that bit of information you need, before acting you think.</foundation>
		<past>It may be time to conclude whatever you have been doing, celebrate the past but move on to something new.</past>
		<future>All the elements are ready and will work for you if you don't hesitate.</future>
		<blocks>There is something in the air, things are directly at hand, happening quickly, and you feel caught in a whirlwind.</blocks>
		<influences>Quick action, conclusions, news.</influences>
		<hope_fear>Quick action.</hope_fear>
		<outcome>If you are swift all the elements will come together and help you obtain the truth.</outcome>
	</card>
	<card>
		<index>30</index>
		<arcana>minor</arcana>
		<number>IX</number>
		<type>wands</type>
		<element>fire</element>
		<name>Nine of Wands</name>
		<color>purple</color>
		<hex>#800080</hex>
		<image>wands/9.gif</image>
		<situation>You must proceed carefully, with a watchful eye.</situation>
		<challenge>Try not to become bitter as your innocence and trust are gone and replaced by wary defensiveness. You carry battle scars but they serve to strengthen you as you move on.</challenge>
		<higher_power>The hidden reserves you need to prevail are within you.</higher_power>
		<foundation>You've been burned before, your experience wounded you but it has strengthened you as well.</foundation>
		<past>Your trust has been replaced with defensiveness, especially when your hopes have been dashed.</past>
		<future>Even if everyone deems tube against you, don't give up.</future>
		<blocks>You carry battle scars.</blocks>
		<influences>Defensive, wary of being burned.</influences>
		<hope_fear>Defending yourself.</hope_fear>
		<outcome>Keep going no matter what, don't give up.</outcome>
	</card>
	<card>
		<index>31</index>
		<arcana>minor</arcana>
		<number>X</number>
		<type>wands</type>
		<element>fire</element>
		<name>Ten of Wands</name>
		<color>olive</color>
		<hex>#a6a331</hex>
		<image>wands/10.gif</image>
		<situation>If you are pushing yourself too hard you will need to cut back, otherwise this card indicates that life will be tougher than usual for a while.</situation>
		<challenge>Be kind to yourself, lighten your load wherever you can.</challenge>
		<higher_power>You will have to assume the lion share of the responsibility for right or wrong.</higher_power>
		<foundation>You always take on too much, or are otherwise left holding the bag.</foundation>
		<past>Work has been all consuming and you have been pushing yourself too hard.</past>
		<future>Lighten your load everywhere you can, let others help you.</future>
		<blocks>You push too hard.</blocks>
		<influences>Working overtime, being held accountable, feeling burdened, fighting uphill.</influences>
		<hope_fear>Love your work.</hope_fear>
		<outcome>You are going to have to lighten your load somewhere, for the sake of your well-being and your health.</outcome>
	</card>
	<card>
		<index>32</index>
		<arcana>minor</arcana>
		<number>XI</number>
		<type>wands</type>
		<element>fire</element>
		<name>Page of Wands</name>
		<color>olive</color>
		<hex>#a6a331</hex>
		<image>wands/page.gif</image>
		<situation>An opening may appear that excites you, dares you to be great.</situation>
		<challenge>Allow yourself to experience courage, charm and inspiration.</challenge>
		<higher_power>Creative, confident, enthusiastic, courageous</higher_power>
		<foundation>You feel free to express your individuality and power with light hearted abandon.</foundation>
		<past>The essence of fire behaving as earth, such as wood or coal, a person of timidity, but whose innate passion can be easily ignited. This card can also represent chances of a new, or re-newed, passion, to experience creativity. Feelings of intense enthusiasm, childlike imagination and charm.</past>
		<future>Your entire situation is suffused with spirit of excitement and adventure.</future>
		<blocks>Involvement of high energy, risky behavior.</blocks>
		<influences>A child or young-at-heart adult whose interactions with you involve independence, high energy, risky behavior, or shared enthusiasms.</influences>
		<hope_fear>opportunities for passion</hope_fear>
		<outcome>Act on your opportunities to experience creativity and adventure.</outcome>
	</card>
	<card>
		<index>33</index>
		<arcana>minor</arcana>
		<number>XII</number>
		<type>wands</type>
		<element>fire</element>
		<name>Knight of Wands</name>
		<color>yellow</color>
		<hex>#ffff00</hex>
		<image>wands/knight.gif</image>
		<situation>Confident passionate style is giving aspect to you or the situation.</situation>
		<challenge>Is your style balanced? Are you passionate or hot tempered, adventurous or reckless? The crossed knight seems to feel some kind of seperation.</challenge>
		<higher_power>Full of energy and life, not afraid to go for it.</higher_power>
		<foundation>You are an irresistle charmer.</foundation>
		<past>You've acted without thinking.</past>
		<future>Good news is approaching you, the atmosphere will be of high spirits, passion and enthisiasm. This card may also represent a specific person who is faithful to you and whom you will be able to trust.</future>
		<blocks>You can be irresponsible, shallow and thoughtless.</blocks>
		<influences>Someone bringing good news concerning work or social life, a vacation. Atmosphere of high spirits, passion, impulsiveness and impetuous exaggeration.</influences>
		<hope_fear>It may be time for a change</hope_fear>
		<outcome>Go for it, let yourself have fun.</outcome>
	</card>
	<card>
		<index>34</index>
		<arcana>minor</arcana>
		<number>XIII</number>
		<type>wands</type>
		<element>fire</element>
		<name>Queen of Wands</name>
		<color>black</color>
		<hex>#000000</hex>
		<image>wands/queen.gif</image>
		<situation>Confidence and enthusiasm have special meaning to you right now, be inspired by them.</situation>
		<challenge>No matter what you have to tackle any task with enthusiasm.</challenge>
		<higher_power>A quiet self-assurance that you can do whatever you want.</higher_power>
		<foundation>You are naturally strong and self assured.</foundation>
		<past>Fast paced, full and busy lifestyle.</past>
		<future>Be ready to look for the positive in any situation.</future>
		<blocks>Self assurance can be thought of as arrogant.</blocks>
		<influences>The essence of fire behaving as water, like a rainbow a person whom has admirers, whom is the natural embodiment of passion and sensuality, their enthusiasm is contagious as they can reflect the dersires of others and ignite them. A radiant and vibrant person, that sees what they want and goes after it to get it.</influences>
		<hope_fear>Always cheerful.</hope_fear>
		<outcome>A positive, cheerful atmosphere, and knowledge that you can do whatever you want.</outcome>
	</card>
	<card>
		<index>35</index>
		<arcana>minor</arcana>
		<number>XIV</number>
		<type>wands</type>
		<element>fire</element>
		<name>King of Wands</name>
		<color>grey</color>
		<hex>#cccccc</hex>
		<image>wands/king.gif</image>
		<situation>A great daring leader, an artist who inspires others by taking hold of an idea and making it a reality by bold force and action. A charasmatic, honest, striking and magnetic personality. This card can also represent the essence of fire drawing on the powers of air, such as lightening, daring drama, forceful activity and creation is central to you at this time, be inspired by enthusiasm you feel.</situation>
		<challenge>Use your courage and conviction to take risks and create results.</challenge>
		<higher_power>Inspiration fuels ambition, unlimited charisma.</higher_power>
		<foundation>Trust in your ability to create and lead with confidence.</foundation>
		<past>You've stepped in and taken the lead, while others followed.</past>
		<future>An active generous force will enter.</future>
		<blocks>You are larger than life most of the time, very dramatic.</blocks>
		<influences>This card may represents a specific person who is faithful to you and whom you are able to trust. An authoritative figure of fierce forceful energy whom will always advise you well. It may also represent an honest situation that is exactly as it appears to be with no hint of deception. It is an indication of good fortune coming your way perhaps in the form of unexpected help or advice, unexpected good news, a promotion, or the fulfillment of long-awaited hopes.</influences>
		<hope_fear>Ambition</hope_fear>
		<outcome>Take a risk and win.</outcome>
	</card>
	<card>
		<index>36</index>
		<arcana>minor</arcana>
		<number>I</number>
		<type>cups</type>
		<name>Ace of Cups</name>
		<color>white</color>
		<hex>#ffffff</hex>
		<image>cups/1.gif</image>
		<situation>Start new endeavors from a place of love and everything will be blessed.</situation>
		<challenge>Still your emotions long enough for you to merge from confusion.</challenge>
		<higher_power>Love is the most powerful effective emotion you have.</higher_power>
		<foundation>There is no end to the beauty you may allow into your life if you hold yourself in a place of love.</foundation>
		<past>Love peace and regular renewal are key in igniting new emotional highs in your life.</past>
		<future>New sparks of passion and hope.</future>
		<blocks>You could use compassion to resolve what is hurting you</blocks>
		<influences>There is a spanning out of compassion and love, this card holds luck and and deepist happiness, love in all it's forms.</influences>
		<hope_fear>Love</hope_fear>
		<outcome>A new relationship will be made.</outcome>
		<path>Kether</path>
	</card>
	<card>
		<index>37</index>
		<arcana>minor</arcana>
		<number>II</number>
		<type>cups</type>
		<name>Two of Cups</name>
		<title>Love</title>
		<color>grey</color>
		<hex>#cccccc</hex>
		<image>cups/2.gif</image>
		<situation>Undeniable attraction, the beauty and power when two forces are drawn together.</situation>
		<challenge>If you are in conflict look for truce, now is not the time to separate, look for partnerships.</challenge>
		<higher_power>Look for one on one connections in your life.</higher_power>
		<foundation>You are good at working together forgiving and forgetting and moving forward.</foundation>
		<past>Joining with another, healing a severed relationship.</past>
		<future>A union between any two entities -people, groups, ideas.</future>
		<blocks>Struggling with two choices within yourself to find the perfect harmony, a deep connection in concordance with a pledge of fidelity in the joining of male and female in the broadest sense. Perhaps you are looking at the situation as a natural santification through that which exists on a higher plane, this may refer to the meeting of a kindered soul, a merger or partnership.</blocks>
		<influences>Two people in love.</influences>
		<hope_fear>Love</hope_fear>
		<outcome>Two forces have been drawn together and bonded.</outcome>
	</card>
	<card>
		<index>38</index>
		<arcana>minor</arcana>
		<number>III</number>
		<type>cups</type>
		<name>Three of Cups</name>
		<color>black</color>
		<hex>#000000</hex>
		<image>cups/3.gif</image>
		<situation>A mood or experience that makes you feel like dancing and singing.</situation>
		<challenge>You have a sense of gratification and fulfillment that is more sensual rather than deeply emotional.</challenge>
		<higher_power>Intoxicating heights of celebration.</higher_power>
		<foundation>Coming together in love, groups and teamwork.</foundation>
		<past>Friends and community created when you interacted with others.</past>
		<future>Celebrations spontaneously arise when people feel connected.</future>
		<blocks>Examine your group bonds.</blocks>
		<influences>Groups, community, networks.</influences>
		<hope_fear>Intoxicating heights.</hope_fear>
		<outcome>You will find your harmonic resonance through teamwork.</outcome>
	</card>
	<card>
		<index>39</index>
		<arcana>minor</arcana>
		<number>IV</number>
		<type>cups</type>
		<name>Four of Cups</name>
		<color>blue</color>
		<hex>#0000ff</hex>
		<image>cups/4.gif</image>
		<situation>A positive period of self-reflection is needed, time to muse, dream and restore your balance.</situation>
		<challenge>You need to get unstuck emotionally, otherwise you will miss the gifts being offered to you.</challenge>
		<higher_power>Going deep within, meditation and concentration.</higher_power>
		<foundation>When life is too stressful you are able to devote time and energy to yourself and renew your emotional balance.</foundation>
		<past>You've lost interest in activities that used to bring you pleasure, which may have extened from intense forms of strife, spite, or embitterment.</past>
		<future>Open yourself to your surroundings and soon you will be on your way again.</future>
		<blocks>Are you being too self-absorbed?</blocks>
		<influences>Everything refers back to yourself.</influences>
		<hope_fear>Moving forward.</hope_fear>
		<outcome>You have been allowed time for self-reflection, open yourself up to your surroundings and move on feeling renewed.</outcome>
	</card>
	<card>
		<index>40</index>
		<arcana>minor</arcana>
		<number>V</number>
		<type>cups</type>
		<name>Five of Cups</name>
		<color>red</color>
		<hex>#ff0000</hex>
		<image>cups/5.gif</image>
		<situation>The situation is one of loss, and your emotional resistance to change.</situation>
		<challenge>Look beyond the pain, accept your loss realizing the value you still have.</challenge>
		<higher_power>Initiate change through letting go.</higher_power>
		<foundation>Every loss opens new possibilities for growth.</foundation>
		<past>Accepting loss.</past>
		<future>The more you struggle to hold onto what is gone the more you will suffer.</future>
		<blocks>Acknowledge what is there for you despite your loss.</blocks>
		<influences>Denial, resistance to change.</influences>
		<hope_fear>Letting go.</hope_fear>
		<outcome>Shadows of melancholy, distress and sorrow will be cast over you. You will have to let go and cut your losses, there are new opportunities waiting for you, also you will be able to count on your friends for support.</outcome>
	</card>
	<card>
		<index>41</index>
		<arcana>minor</arcana>
		<number>VI</number>
		<type>cups</type>
		<name>Six of Cups</name>
		<color>yellow</color>
		<hex>ffff00</hex>
		<image>cups/6.gif</image>
		<situation>Being surrounded by simple goodness, a relationship of small gestures that are barely noticed but are so important, also to do with memories of childhood enjoyment.</situation>
		<challenge>You must be  kind, generous and forgiving.</challenge>
		<higher_power>Innocence protects you</higher_power>
		<foundation>You embrace and treasure the feelings associated with childhood.</foundation>
		<past>Sharing what you have.</past>
		<future>You will indulge in play, have a noble impulse or shun corruption.</future>
		<blocks>Innocence.</blocks>
		<influences>Sweetness, a baby or young person.</influences>
		<hope_fear>Innocence.</hope_fear>
		<outcome>Be kind, generous and enjoy simple goodness.</outcome>
	</card>
	<card>
		<index>42</index>
		<arcana>minor</arcana>
		<number>VII</number>
		<type>cups</type>
		<name>Seven of Cups</name>
		<color>green</color>
		<hex>#008000</hex>
		<image>cups/7.gif</image>
		<situation>Letting everything go while indulging in wishful thinking.</situation>
		<challenge>Make sure you are backing up your work with effort, tighten up and commit to doing what it takes.</challenge>
		<higher_power>A tremendous release of creative energy amazes and bewilders you.</higher_power>
		<foundation>Balance comes to you and whatever is sloppy impractical or lax.</foundation>
		<past>Overindulging, getting caught up, letting everything go.</past>
		<future>Some tightening may be necessary if you are in a chaotic environment, otherwise look carefully at how disordered you think your situation is, and decide when to let go of fantasies and concentrate instead on a single realistic plan.</future>
		<blocks>Back your plans up with work.</blocks>
		<influences>A mirage of illusions encase you dreams, imagination, and many options, however there is a positive aspect of you are prepared to let go of fantasies and concentrate instead on a single realistic plan.</influences>
		<hope_fear>Letting go.</hope_fear>
		<outcome>You will let go and as a result be faced with many options, choose carefully as all things are not always what they seem.</outcome>
	</card>
	<card>
		<index>43</index>
		<arcana>minor</arcana>
		<number>VIII</number>
		<type>cups</type>
		<name>Eight of Cups</name>
		<color>orange</color>
		<hex>#ff8000</hex>
		<image>cups/8.gif</image>
		<situation>An end is approaching, endings are not always easy.</situation>
		<challenge>Reexamine your life and your priorities, you will find where in your life you need to move on.</challenge>
		<higher_power>Seeking deeper meaning, starting a trip of unknown length.</higher_power>
		<foundation>You can accept the signs of change in your face, and you move on.</foundation>
		<past>You have turned away from your old feelings to strike out a new path.</past>
		<future>You will wake up and realize that you have been asleep, living a dream that no longer satisfies.</future>
		<blocks>Let go, the past is gone.</blocks>
		<influences>Restlessness, lack of energy, tired, dispirited.</influences>
		<hope_fear>Moving on.</hope_fear>
		<outcome>It's time to move on in search of a deeper truth or reality.</outcome>
	</card>
	<card>
		<index>44</index>
		<arcana>minor</arcana>
		<number>IX</number>
		<type>cups</type>
		<name>Nine of Cups</name>
		<color>purple</color>
		<hex>#800080</hex>
		<image>cups/9.gif</image>
		<situation>The wish card, shows your wish will come true, but remember your fairy tale lessons, you must be sure you know really what you want and accept the responsibilities that go with it.</situation>
		<challenge>Delight in all your senses, word of caution, pursuit of pleasure without regard to the consequences is never satisfying.</challenge>
		<higher_power>You can commune with the natural world and the body of the Mother Earth.</higher_power>
		<foundation>You are content to sit back and revel in the knowledge that everything is alright in the world.</foundation>
		<past>Pure indulgence and self satisfaction.</past>
		<future>you will experience some luxury.</future>
		<blocks>You indulge in smugness.</blocks>
		<influences>Satisfaction, sensual pleasure.</influences>
		<hope_fear>Wish come true.</hope_fear>
		<outcome>Sit back and enjoy your good fortune, do not be tempted to indulge yourself at the cost of someone else.</outcome>
	</card>
	<card>
		<index>45</index>
		<arcana>minor</arcana>
		<number>X</number>
		<type>cups</type>
		<name>Ten of Cups</name>
		<color>olive</color>
		<hex>#a6a331</hex>
		<image>cups/10.gif</image>
		<situation>This is a blissful reflection of your inner peace, if you are in conflict an end is possible.</situation>
		<challenge>Looks for ways to realize joy and create peace.</challenge>
		<higher_power>Inner peace and outer peace, when you are in harmony with yourself you experience harmony in your environment.</higher_power>
		<foundation>You may find the key to happiness in your own family, or a group of people you are attached to emotionally.</foundation>
		<past>Peace and abundant blessings.</past>
		<future>You are about to reach fulfillment of something personal.</future>
		<blocks>Inner peace.</blocks>
		<influences>Radiating love, relaxing.</influences>
		<hope_fear>Emotional peak.</hope_fear>
		<outcome>Fulfillment is waiting for you, it goes beyond joy and happiness.</outcome>
	</card>
	<card>
		<index>46</index>
		<arcana>minor</arcana>
		<number>XI</number>
		<type>cups</type>
		<name>Page of Cups</name>
		<color>olive</color>
		<hex>#a6a331</hex>
		<image>cups/page.gif</image>
		<situation>A person whose innocence may be dangerous to themselves. This card may also represent opportunities for love or reconciliation at your door. There is inherent emotinal risk, may also offer peace after dischord or sympathy in times of pain</situation>
		<challenge>You need to help a person whom is a danger to themselves, gentle handling is required, it may be you, if it is allow yourself to experience love intimacy and spirituality.</challenge>
		<higher_power>Your entire spirit is infused with love and emotion that guide you as you go through an awakening.</higher_power>
		<foundation>You feel free to express your feelings with light hearted abandon,however you should be mindful of your assumptions when you do.</foundation>
		<past>Involvement with emotional needs and moodiness, the feelings may have been at once exciting and scary, but received by you with feelings of gratitude, there further indicates emotional risk in which you lost yourself.</past>
		<future>You may need to guide a person or yourself through an awakening, be aware of the neccessities of the situation.</future>
		<blocks>Moodiness and niave assumptions need to resolved in order to really look at the reality of the situation.</blocks>
		<influences>A person whose actions are in need of some gentle guidance away from romantic and toward practical reality.</influences>
		<hope_fear>Letting your feelings show.</hope_fear>
		<outcome>Act on an opportunity that stirs your emotions, pulls at your heart strings and brings you great joy.</outcome>
	</card>
	<card>
		<index>47</index>
		<arcana>minor</arcana>
		<number>XII</number>
		<type>cups</type>
		<name>Knight of Cups</name>
		<color>yellow</color>
		<hex>#ffff00</hex>
		<image>cups/knight.gif</image>
		<situation>A sensitive soul.</situation>
		<challenge>Find a balance, are you romantic or overemotional, imaginative or a daydreamer?</challenge>
		<higher_power>You can use your imagination to tap into your deepest levels of emotion.</higher_power>
		<foundation>You know how to create beauty and share it with others.</foundation>
		<past>Legendary melodramatic moods have ensued after letting your emotions get the better of you.</past>
		<future>Goals are far away, and balance needs to be found between appropriate and excessive.</future>
		<blocks>You will let someone else deal with an unpleasant situation before dealing with unpleasantness.</blocks>
		<influences>An atmosphere of loving peacefulness, sensitive, romantic, fantasy and  illusion envelopes you.</influences>
		<hope_fear>Imagination.</hope_fear>
		<outcome>Deep emotional levels can be reached, however if emotion is ruling over common sense it may be time for a change.</outcome>
	</card>
	<card>
		<index>48</index>
		<arcana>minor</arcana>
		<number>XIII</number>
		<type>cups</type>
		<name>Queen of Cups</name>
		<color>black</color>
		<hex>#000000</hex>
		<image>cups/queen.gif</image>
		<situation>Gentle love, acceptance and respect for feelings have special meaning to you right now, let that inspire you.</situation>
		<challenge>Do no react with impatience or anger, let your heart lead the way.</challenge>
		<higher_power>You can sense emotional currents and know what others are experiencing without having to ask.</higher_power>
		<foundation>You trust your intuition and are more open to what comes from within yourself and beyond.</foundation>
		<past>Your love included and embraced everyone.</past>
		<future>A sweet, loving and sensitive force will enter your life.</future>
		<blocks>Often moved by beauty and tragedy of life.</blocks>
		<influences>There is gentle soothing calmness around you.</influences>
		<hope_fear>Gifts of vision.</hope_fear>
		<outcome>You will let you heart lead the way.</outcome>
	</card>
	<card>
		<index>49</index>
		<arcana>minor</arcana>
		<number>XIV</number>
		<type>cups</type>
		<name>King of Cups</name>
		<color>grey</color>
		<hex>#cccccc</hex>
		<image>cups/king.gif</image>
		<situation>A calming, tolerant presence is central you at this time, be inspired by the understanding exhibited.</situation>
		<challenge>Maintain a calm, relaxed, tolerant, and patient state in order to show the way with loving attention.</challenge>
		<higher_power>Deep knowledge of the world that comes from the heart.</higher_power>
		<foundation>You care about others sincerely, you heal with a gentle touch and a quiet word.</foundation>
		<past>Others turn to you for advice because they know you will listen.</past>
		<future>You will seem to know intuitively what is called for at any moment.</future>
		<blocks>You're liberal livingness of freedom to grow may appear to be apathy to your students.</blocks>
		<influences>Calm, relaxed, diplomatic.</influences>
		<hope_fear>Freedom, a transcendental experience.</hope_fear>
		<outcome>There will be a peacefulness around you that others will respond to.</outcome>
	</card>
	<card>
		<index>50</index>
		<arcana>minor</arcana>
		<number>I</number>
		<type>swords</type>
		<element>air</element>
		<name>Ace of Swords</name>
		<color>white</color>
		<hex>#ffffff</hex>
		<image>swords/1.gif</image>
		<situation>You must focus upon the issues at hand and align yourself accordingly.</situation>
		<challenge>Cut away at old ways of thinking, stop fooling yourself and look into the matters of your soul. Delays and glitches allow you to observe what you had mentally planned may not be manifesting and these speedbumps may be casuing you frustration. Patience and time will mend the situation.</challenge>
		<higher_power>You are in a position of power with the possibility of higher, clearer thoughts. Propserity and especially spitiual growth are sure to follow in the wake of your new direction in life.</higher_power>
		<foundation>When you choose proper thoughts you reach your goals.</foundation>
		<past>Distraction, doubt and negativity call for you to focus on yourself.</past>
		<future>New projects ideas, thoughts or relationships are on the horizon.</future>
		<blocks>Don't give in to distraction and confusion.</blocks>
		<influences>Strength, focus of mind on self.</influences>
		<hope_fear>Solidarity.</hope_fear>
		<outcome>Stay sharp minded and aware and a new venture will be successful.</outcome>
		<path>Kether</path>
	</card>
	<card>
		<index>51</index>
		<arcana>minor</arcana>
		<number>II</number>
		<type>swords</type>
		<element>air</element>
		<name>Two of Swords</name>
		<color>grey</color>
		<hex>#cccccc</hex>
		<image>swords/2.gif</image>
		<situation>There is a difference of opinion, you have put up a barrier to keep your feelings under control.</situation>
		<challenge>Trust in the intangible, and make your decisions from a place where the physical world does not compute; a place where the spiritual world is your only compass.</challenge>
		<higher_power>Psychic power, reflection, ability to affect the realm of nature in string subtle ways.</higher_power>
		<foundation>Internally you block off emotions and refuse to use them, you use barriers to keep your feelings under control.</foundation>
		<past>You have avoided looking at the truth and pretended everything's okay.</past>
		<future>You must stay open if you wish to find peace.</future>
		<blocks>A closed heart cuts you off emotionally.</blocks>
		<influences>Blocking emotions, avoiding the truth, being at a stalemate.</influences>
		<hope_fear>Duality.</hope_fear>
		<outcome>There is no struggle in this card, there is patience and assurance that whatever choice is made, you are nobly prepared to make it.</outcome>
	</card>
	<card>
		<index>52</index>
		<arcana>minor</arcana>
		<number>III</number>
		<type>swords</type>
		<element>air</element>
		<name>Three of Swords</name>
		<color>black</color>
		<hex>#000000</hex>
		<image>swords/3.gif</image>
		<situation>Taking a painful yet necessary step will help free you. You may find by making a difficult decision, one that goes completely against your emotions, you liberate yourself from dependencies.</situation>
		<challenge>Examine you situation carefully, talk to the people in your life, don't take anything for granted, listen to your inner voice to locate the problems.</challenge>
		<higher_power>We are all human, we are all capable of making mistakes, when you slip, forgive yourself, and forgive others in turn.</higher_power>
		<foundation>You see through the eyes of honesty which gives you the ability to balance your core and supporting beliefs which lead you through heartfelt breakthroughs.</foundation>
		<past>You have been betrayed, abandoned or separated unexpectedly.</past>
		<future>It is likely that something is amiss in your life, get to the heart of the matter before it catches you off guard.</future>
		<blocks>You must be more mindful of your own center of focus.</blocks>
		<influences>Differences are not reconciled, wrong ruled the day, there is deep emotion and sadness.</influences>
		<hope_fear>Being separated.</hope_fear>
		<outcome>You will be stunned, feel disbelief and finally heartbroken.</outcome>
	</card>
	<card>
		<index>53</index>
		<arcana>minor</arcana>
		<number>IV</number>
		<type>swords</type>
		<element>air</element>
		<name>Four of Swords</name>
		<color>blue</color>
		<hex>#0000ff</hex>
		<image>swords/4.gif</image>
		<situation>You need to take a break, slow down, get some rest, in this way you can more easily go within.</situation>
		<challenge>Break the cycle of activity, be quiet still and quiet.</challenge>
		<higher_power>Meditation, silence, shifting focus from external to internal.</higher_power>
		<foundation>You know when it is time to gather your strength and center your energy.</foundation>
		<past>A period of rest and inactivity.</past>
		<future>Ready yourself for for a time of activity to come, take time to think things over without hurry.</future>
		<blocks>Could be addicted to activity, or stillness.</blocks>
		<influences>Peace, internal silence.</influences>
		<hope_fear>Going deep within.</hope_fear>
		<outcome>You will be given time to think things over, shift your focus from external to internal in this time.</outcome>
	</card>
	<card>
		<index>54</index>
		<arcana>minor</arcana>
		<number>V</number>
		<type>swords</type>
		<element>air</element>
		<name>Five of Swords</name>
		<color>red</color>
		<hex>#ff0000</hex>
		<image>swords/5.gif</image>
		<situation>When the chords that bind you are broken you will experience discord.</situation>
		<challenge>Take care of yourself, without hurting others in the process.</challenge>
		<higher_power>Knowing you must concentrate on yourself.</higher_power>
		<foundation>You can set aside your concerns for others when looking out for yourself.</foundation>
		<past>You have defined your interests too narrowly.</past>
		<future>Survival is knowing what you do to the world, is what you do to yourself.</future>
		<blocks>Dishonors are fairly open, you may be on the receiving end or perpetrator, either way don't lose yourself.</blocks>
		<influences>Hostile environment.</influences>
		<hope_fear>Acting in your own self-interests.</hope_fear>
		<outcome>You must look out for yourself.</outcome>
	</card>
	<card>
		<index>55</index>
		<arcana>minor</arcana>
		<number>VI</number>
		<type>swords</type>
		<element>air</element>
		<name>Six of Swords</name>
		<title>Science</title>
		<color>yellow</color>
		<hex>ffff00</hex>
		<image>swords/6.gif</image>
		<situation>Getting by, not thriving, could indicate a journey taking place.</situation>
		<challenge>Know that even though the situation is not ideal, you are moving forward.</challenge>
		<higher_power>Trusting in intelligence and intuition on the way to recovery, and entering a new frame of mind.</higher_power>
		<foundation>You can leave a untenable situation alone and charting a new course, an actual change of scene.</foundation>
		<past>Just barely making it, but still getting by.</past>
		<future>Slow progress, struggles and doubt.</future>
		<blocks>Fears and discouraging apprehensions.</blocks>
		<influences>Slough, despondent.</influences>
		<hope_fear>Travel, change of place.</hope_fear>
		<outcome>You are headed toward a new place even if you are not yet ready to embrace those shores.</outcome>
	</card>
	<card>
		<index>56</index>
		<arcana>minor</arcana>
		<number>VII</number>
		<type>swords</type>
		<element>air</element>
		<name>Seven of Swords</name>
		<title>Futility</title>
		<color>green</color>
		<hex>#008000</hex>
		<image>swords/7.gif</image>
		<situation>The "Lone Wolf", separation from others,  desire to be behind the scenes can be a cover for laziness and mediocrity. Now is a time to motivate yourself to do all the "shoulds"  in your life.</situation>
		<challenge>An opportunity to disengage from a hopeless attempt at resolving a matter with cleverness or outright deception, realize that you cannot be happy and productive for long without some commitment to others. If you don't stretch yourself and reach for the highest goal, you will let everyone down.</challenge>
		<higher_power>When you decide to stop evading that which disturbs you, your own mediocrity and laziness and put forth your best efforts, you will be able to break away from the craftiness or clever dealings that supress you.</higher_power>
		<foundation>It is necessary for you to get excited in order to grow from past patterns into new potential. </foundation>
		<past>You've made things worse by running away from a them.</past>
		<future>Independence to act totally on your own will become useful when you need to bypass an ineffectual group.</future>
		<blocks>You procrastinate letting things slip, you must overcome your tolerance for being average.</blocks>
		<influences>Sneaking off, staying aloof, covering your tracks.</influences>
		<hope_fear>Hiding behind average.</hope_fear>
		<outcome>You seem to be happy enough to go your own way, and take the easy way out. This card insists that you sacrifce laziness, mediocrity and any tolerance for being average in order to not take the easy way out.</outcome>
	</card>
	<card>
		<index>57</index>
		<arcana>minor</arcana>
		<number>VIII</number>
		<type>swords</type>
		<element>air</element>
		<name>Eight of Swords</name>
		<title>Interference</title>
		<color>orange</color>
		<hex>#ff8000</hex>
		<image>swords/8.gif</image>
		<situation>Restricted by circumstances you feel lost, confused and powerless.</situation>
		<challenge>Solutions are not always easy but they do exist.</challenge>
		<higher_power>Find your clarity of thought and purpose and take the first step.</higher_power>
		<foundation>You do have choices, and you do have power, no matter how trapped you feel by criticism, censure and the imposition of external forces. Confusion leads to an inablity to focus but you can find a way out if you believe it's possible.</foundation>
		<past>Even little problems make you feel trapped, there doesn't seem to be a way out.</past>
		<future>At each step your options seem to narrow until you feel stuck.</future>
		<blocks>Use clarity of thought to find solutions.</blocks>
		<influences>Lack of freedom and choice.</influences>
		<hope_fear>Faith</hope_fear>
		<outcome>Your own inhibitions will repress and restrain you. You can find a way out your restrictions if you believe it's possible.</outcome>
	</card>
	<card>
		<index>58</index>
		<arcana>minor</arcana>
		<number>IX</number>
		<type>swords</type>
		<element>air</element>
		<name>Nine of Swords</name>
		<color>purple</color>
		<hex>#800080</hex>
		<image>swords/9.gif</image>
		<situation>An element of unhappiness or trouble, a vulnerable spot in your life.</situation>
		<challenge>Overcome your fears, doubts, guilt's, and anguishes.</challenge>
		<higher_power>Pain from within can be controlled by choices you make.</higher_power>
		<foundation>You are familiar with worry and suffering, you've been there.</foundation>
		<past>Worry and regret are have caused you guilt and anguish.</past>
		<future>A warning from your inner guide that the path you are about to follow may be a difficult one.</future>
		<blocks>Regrets</blocks>
		<influences>Worry, guilt and anguish.</influences>
		<hope_fear>Thoughts.</hope_fear>
		<outcome>You will go round and round until you make even a small change toward something different.</outcome>
	</card>
	<card>
		<index>59</index>
		<arcana>minor</arcana>
		<number>X</number>
		<type>swords</type>
		<element>air</element>
		<name>Ten of Swords</name>
		<color>olive</color>
		<hex>#a6a331</hex>
		<image>swords/10.gif</image>
		<situation>Terrible misfortunes that are more melodramatic than real.</situation>
		<challenge>Check you attitude for victim mentality or martyrdom.</challenge>
		<higher_power>Knowing it's darkest before the dawn.</higher_power>
		<foundation>You can kid yourself about how you are handling a situation if you are over exaggerating your suffering. The fact is that your strength has grown and given you the resillience to move forward regardless of uncertainty. It grounds you in something deeper, despite the difficult and neccesssary choices relief eventually follows.</foundation>
		<past>You have passed the fork in the road, the turmoil and change is still felt, but it is largely behind you now. A stronger and relieved you can now calmly reflect what was percieved as excessive victimization, and martyrdom as a distant turbulence.</past>
		<future>Suffering though  sincere, may be exaggerated, so be able to make light of these situations.</future>
		<blocks>Stop being the victim, decisions must be executed, what you have grown comfortably used to no longer applies.</blocks>
		<influences>Misfortune, victims, martyrs.</influences>
		<hope_fear>Becoming a martyr</hope_fear>
		<outcome>You are going to have to make light of your misfortune in order to reach a point where things start looking up.</outcome>
	</card>
	<card>
		<index>60</index>
		<arcana>minor</arcana>
		<number>XI</number>
		<type>swords</type>
		<element>air</element>
		<name>Page of Swords</name>
		<color>olive</color>
		<hex>#ffff00</hex>
		<image>swords/page.gif</image>
		<situation>An opportunity for growth in guise of a problem.</situation>
		<challenge>Embrace difficult situations, think of them a chance to show your stuff.</challenge>
		<higher_power>Honesty, reason, integrity and fortitude.</higher_power>
		<foundation>You become stronger and more resilient each time you prevail challenges you have willing accepted.</foundation>
		<past>Troubled relationships that involved discouragement or matters of the mind.</past>
		<future>There is an element of experimentation here, and either you or someone you know is taking risks in behavior that might cause problems.</future>
		<blocks>Always challenging.</blocks>
		<influences>Honesty, reason, integrity, fortitude.</influences>
		<hope_fear>Accepting challenge.</hope_fear>
		<outcome>Use your mind and enjoy the delights of your intellect.</outcome>
	</card>
	<card>
		<index>61</index>
		<arcana>minor</arcana>
		<number>XII</number>
		<type>swords</type>
		<element>air</element>
		<name>Knight of Swords</name>
		<color>yellow</color>
		<hex>#ffff00</hex>
		<image>swords/knight.gif</image>
		<situation>There is a penetrating mental force present that can be as damaging as it is enlightening.</situation>
		<challenge>Learn the skills of tact and compassion.</challenge>
		<higher_power>Keen intellect allows you lucid analysis of problems and solutions.</higher_power>
		<foundation>Your judgments are free of emotion, you are direct and cutting.</foundation>
		<past>Although you've given an honest answer, you've shown little respect.</past>
		<future>There will be no tolerance for stupidity.</future>
		<blocks>You expect others to comply with your views, you may be so focused on your intellectual pusiruits that other areas are being neglected.</blocks>
		<influences>Authority, judgments based purely on logic, no emotion.</influences>
		<hope_fear>Becoming a master of your own logic.</hope_fear>
		<outcome>An incisive and cutting perspective will pass judgment based on logic and reason.</outcome>
	</card>
	<card>
		<index>62</index>
		<arcana>minor</arcana>
		<number>XIII</number>
		<type>swords</type>
		<element>air</element>
		<name>Queen of Swords</name>
		<color>black</color>
		<hex>#000000</hex>
		<image>swords/queen.gif</image>
		<situation>Honest, direct communication has special meaning to you right now, let it inspire you.</situation>
		<challenge>The situation needs to be sized up quickly, you need to understand folly not condemn it.</challenge>
		<higher_power>The essence of air behaving as water, such as a refreshing mist, commitment to truth renders lies, games and tricks null and void. The ability to be calm, forthright, and witty in the face of trying circumstances.</higher_power>
		<foundation>Your experience in the ways of the world, the fact that you are not easily tricked, your candor and quick wit allow you to cope with pain and even turn them into positive sources for personal growth.</foundation>
		<past>You have been straightforward and direct, but you also know life isn't meant to be taken too seriously.</past>
		<future>You will asked to be completely honest, and to find the humor at the same time.</future>
		<blocks>Witty comebacks can be hurtful to others.</blocks>
		<influences>Honest direct communication is had.</influences>
		<hope_fear>Telling it exactly how it is.</hope_fear>
		<outcome>Your sense of humor, quick observation and wit will allow you to figure what's really going on.</outcome>
	</card>
	<card>
		<index>63</index>
		<arcana>minor</arcana>
		<number>XIV</number>
		<type>swords</type>
		<element>air</element>
		<name>King of Swords</name>
		<color>grey</color>
		<hex>#cccccc</hex>
		<image>swords/king.gif</image>
		<situation>Reason, honesty and high standards has special meaning for you at this time, let yourself be inspired.</situation>
		<challenge>Solutions need to be worked out quickly.</challenge>
		<higher_power>The high ethical standards you keep make you incorruptible.</higher_power>
		<foundation>You can absorb and work with information of all kinds.</foundation>
		<past>Judgment was called for, you handled the situation fairly and honorably.</past>
		<future>A solution will be brought out of chaos.</future>
		<blocks>Over analysis.</blocks>
		<influences>Incorruptible</influences>
		<hope_fear>Others seek you out for your truthfulness and eloquence.</hope_fear>
		<outcome>Clarity needed to move forward will be provided to you.</outcome>
	</card>
	<card>
		<index>64</index>
		<arcana>minor</arcana>
		<number>I</number>
		<type>coins</type>
		<name>Ace of Coins</name>
		<color>white</color>
		<hex>#ffffff</hex>
		<image>coins/1.gif</image>
		<situation>New buds of opportunity are waiting for you in areas of material gain, health and other practical matters.</situation>
		<challenge>You must be in a positive, flexible state in order to receive the material gifts available to you.</challenge>
		<higher_power>Gifts bestowed on you from seemingly out of nowhere.</higher_power>
		<foundation>You enjoy what you have, you're grateful for the things that are in your life.</foundation>
		<past>You are 100% sure that something you've done is cause for your material gain.</past>
		<future>Do ground work on any new project, results don't just happen.</future>
		<blocks>You must be a givers and not all a taker.</blocks>
		<influences>Stable relationships with increased trust, newer stronger bonds forming.</influences>
		<hope_fear>Material Success.</hope_fear>
		<outcome>You will receive great bounty from your actions, and possibly an over abundance.</outcome>
		<path>Kether</path>
	</card>
	<card>
		<index>65</index>
		<arcana>minor</arcana>
		<number>II</number>
		<type>coins</type>
		<name>Two of Coins</name>
		<color>grey</color>
		<hex>#cccccc</hex>
		<image>coins/2.gif</image>
		<situation>You move easily with the changing current of life, you can juggle all the demands made upon you, if you don't feel this level of confidence this card asks you to believe in yourself.</situation>
		<challenge>Strike a balance.</challenge>
		<higher_power>Endless eternal nature of energy.</higher_power>
		<foundation>Being flexible in the element of earth.</foundation>
		<past>Vast changes and flux are passing.</past>
		<future>Imminent changes and movement, there needs to be careful handling of established business.</future>
		<blocks>Discounting warning of impending trouble.</blocks>
		<influences>Vehicles that will move you to your greatest most balanced and long lasting reward.</influences>
		<hope_fear>Change.</hope_fear>
		<outcome>Embrace the challenge you will meet your goal and more.</outcome>
	</card>
	<card>
		<index>66</index>
		<arcana>minor</arcana>
		<number>III</number>
		<type>coins</type>
		<name>Three of Coins</name>
		<title>Works</title>
		<color>black</color>
		<hex>#000000</hex>
		<image>coins/3.gif</image>
		<situation>There is a need for planning and preparations.</situation>
		<challenge>You need to get motivated to overcome your inertia, make plans, take action, get involved, or you may end up getting stuck doing something you don't like to earn a living.</challenge>
		<higher_power>Group work will be planned and competently executed.</higher_power>
		<foundation>You have the skills you need to attract capable people and create a successful environment.</foundation>
		<past>Members of a team team are mapping out a strategy, coordinating resources and drawing upon skills.</past>
		<future>Drive to a higher ambition, commencement of the use of your creative talents, a time for expression of artistry in workmanship, skill and labor. Use the conventional to express the exceptional and build something of great reward.</future>
		<blocks>Allow the finesse of your artistry to to temper your creation as you chisel your way to goals.</blocks>
		<influences>A team or group of competent plans.</influences>
		<hope_fear>Integration.</hope_fear>
		<outcome>A task oriented team working toward a common goal.</outcome>
		<path>Binah</path>
	</card>
	<card>
		<index>67</index>
		<arcana>minor</arcana>
		<number>IV</number>
		<type>coins</type>
		<name>Four of Coins</name>
		<color>blue</color>
		<hex>#0000ff</hex>
		<image>coins/4.gif</image>
		<situation>You may be involved in, or overcome by, getting or keeping money or other commodity. Your need for security is exagerated by a tinge of hostilty, clinging to the present this card represents a challenge to adopt  a behavior that is more limited, concentrated and withdrawn.</situation>
		<challenge>Understand that absolute control is impossible, stop resisting change.</challenge>
		<higher_power>Use your energy to preserve and defend, not lay claim.</higher_power>
		<foundation>Your ego tries to guarantee power by imposing your will.</foundation>
		<past>You have been overcome by a need for security, problems with blocked change, jealousy or possessiveness.</past>
		<future>You may be involved in getting or keeping a material commodity, while you are clinging to the present, there is a need for security</future>
		<blocks>Your urge for control gets out of hand.</blocks>
		<influences>A firm hand out of control.</influences>
		<hope_fear>Control.</hope_fear>
		<outcome>Absolute control is impossible, opposition comes from those whom want to maintain the status quo.</outcome>
	</card>
	<card>
		<index>68</index>
		<arcana>minor</arcana>
		<number>V</number>
		<type>coins</type>
		<name>Five of Coins</name>
		<color>red</color>
		<hex>#ff0000</hex>
		<image>coins/5.gif</image>
		<situation>A limitation comes into play, know what it feels like to be without, lacking what we need hurts.</situation>
		<challenge>Know that material hardship is only temporary, there is a spiritual component at work here.</challenge>
		<higher_power>Your spirit is perfect and whole in every way, meant to enjoy abundance in all areas of life.</higher_power>
		<foundation>You know the outcome of bad choices, you always think twice before going into an endeavor and you remain open to like minded individuals.</foundation>
		<past>You have experienced suffering, struggling to make ends meet,  or rejection and exclusion from a group.</past>
		<future>You are moving away from physical well-being, you must make the steps to discover and correct the problem, a collaboration may be necessary. </future>
		<blocks>Sickly poor outside the window of a church serve as a reminder that comfort is always close at hand yet failed you may fail to see it.</blocks>
		<influences>There is a warning of financial jeopardy, look for your spiritual center and know that it will take you in and give yon shelter.</influences>
		<hope_fear>To be without.</hope_fear>
		<outcome>Hardships and misfortune will not take away all that you have worked for.</outcome>
	</card>
	<card>
		<index>69</index>
		<arcana>minor</arcana>
		<number>VI</number>
		<type>coins</type>
		<name>Six of Coins</name>
		<color>yellow</color>
		<hex>ffff00</hex>
		<image>coins/6.gif</image>
		<situation>There is an issue of what having really means, who has it and who hasn't?</situation>
		<challenge>Look deeper at the situation your in, where is it leading, who is really in charge and what's really going on?</challenge>
		<higher_power>To dominate and submit, to give and receive.</higher_power>
		<foundation>You see both sides, our know what it to have and have not.</foundation>
		<past>You may have been on one side or another, but you are being asked to reconsider.</past>
		<future>Look deeply at the whole issue of having and what side you are on.</future>
		<blocks>Controlling through money.</blocks>
		<influences>Haves and have nots.</influences>
		<hope_fear>Claiming the right to who deserves blessing.</hope_fear>
		<outcome>You will have to include both sides of the scales to decide what deserves blessing and what does not.</outcome>
	</card>
	<card>
		<index>70</index>
		<arcana>minor</arcana>
		<number>VII</number>
		<type>coins</type>
		<name>Seven of Coins</name>
		<title>Assesment</title>
		<color>green</color>
		<hex>#008000</hex>
		<image>coins/7.gif</image>
		<situation>Time-out, stop catch your breath and look around, contemplate and assess.</situation>
		<challenge>Figure out if you need a change of course, check you strategy.</challenge>
		<higher_power>Reward will come your way, particularly as a result of your own efforts, take it and enjoy.</higher_power>
		<foundation>You take time to admire your work and check your strategy, all the while exercising patience and preservance.</foundation>
		<past>You've paused to contemplate what direction you're headed at the crossroads.</past>
		<future>Serious problems can develop if you don't take stock in key moments.</future>
		<blocks>You have a tendency to continue with familiar routines, here you are challenged to regard a matter with patience and not to disrupt it's unfolding progress toward a a positive outcome with your usual eagerness.</blocks>
		<influences>An atmosphere of preservance and patience, assesemts are being made to date however change is still possible.</influences>
		<hope_fear>Reaching a milestone</hope_fear>
		<outcome>A reward will come your way, take time to contemplate direction, and enjoy.</outcome>
	</card>
	<card>
		<index>71</index>
		<arcana>minor</arcana>
		<number>VIII</number>
		<type>coins</type>
		<name>Eight of Coins</name>
		<color>orange</color>
		<hex>#ff8000</hex>
		<image>coins/8.gif</image>
		<situation>This moment requires 110% effort on your part, and you are invigorated by the hard work.</situation>
		<challenge>The drive to produce high volume may introduce a lack of quality in your work, pay attention to detail, take time to check for errors. Also take a careful look at how this situation is affecting your health, you must refuse to be ground down or used up.</challenge>
		<higher_power>Diligence and focus are the keys to success, intense effort takes you to your limits.</higher_power>
		<foundation>You are meticulous and your extra effort ensures a quality that you would not be willing sacrifice for the sake of speed or quantity.</foundation>
		<past>Pressures to make an effort which expends your energies, possibly pushing you to your limits.</past>
		<future>It's time to get going, extra effort will be required from you, make sure to pay attention to the details and quality as you push yourself to the limit of your works.</future>
		<blocks>Don't over work yourself to the point of detrimental health because you feel the pressure to work your so craft intensely.</blocks>
		<influences>People who are painstaking nit-pickers, they look for errors and tie up loose ends.</influences>
		<hope_fear>A successful workaholic</hope_fear>
		<outcome>In order to be standing at the gateway of promising plans, you will burn the midnight oil to give it your all.</outcome>
	</card>
	<card>
		<index>72</index>
		<arcana>minor</arcana>
		<number>IX</number>
		<type>coins</type>
		<name>Nine of Coins</name>
		<color>purple</color>
		<hex>#800080</hex>
		<image>coins/9.gif</image>
		<situation>Self-reliance, discipline and determination are what is needed to enjoy the best that life has to offer.</situation>
		<challenge>Master your baser instincts, show restraint and self-control, you may have to sacrifice for the moment.</challenge>
		<higher_power>Reject the coarse and offensive and seek the highest.</higher_power>
		<foundation>Discipline and self-control allow you to trust your own ability to handle a situation.</foundation>
		<past>You've mastered your dark nature, shown restraint and self-control.</past>
		<future>You need to take matters into you own hands.</future>
		<blocks>Corruption.</blocks>
		<influences>All that is most gracious, high-minded, civilized, art and music.</influences>
		<hope_fear>Grace.</hope_fear>
		<outcome>You must trust your own ability to handle the situation, resist temptation to let others do it for you.</outcome>
	</card>
	<card>
		<index>73</index>
		<arcana>minor</arcana>
		<number>X</number>
		<type>coins</type>
		<name>Ten of Coins</name>
		<color>olive</color>
		<hex>#a6a331</hex>
		<image>coins/10.gif</image>
		<situation>Convention, following established guidelines and maintaining the status quo.</situation>
		<challenge>Work toward a lasting solution, sometimes its important to trust known ways.</challenge>
		<higher_power>The aura of prosperity surround you, wealth and affluence are yours.</higher_power>
		<foundation>Conservatism and establishment is tried and true for you.</foundation>
		<past>Maintaining the status quo has kept you at the side of affluence.</past>
		<future>You will need to work toward a lasting solution, you may be ready to make long term arrangements.</future>
		<blocks>Why rock the boat attitude.</blocks>
		<influences>Affluence, material abundance, establishment, traditions.</influences>
		<hope_fear>Affluence.</hope_fear>
		<outcome>It may be time for you to settle down and make plans that will work for you far into the future.</outcome>
	</card>
	<card>
		<index>74</index>
		<arcana>minor</arcana>
		<number>XI</number>
		<type>coins</type>
		<name>Page of Coins</name>
		<color>olive</color>
		<hex>#a6a331</hex>
		<image>coins/page.gif</image>
		<situation>Opportunities for prosperity and chances to experience wealth.</situation>
		<challenge>Revel in the delights of being alive.</challenge>
		<higher_power>Wealth, abundance, security.</higher_power>
		<foundation>You can trust and find safety in material needs. You will receive a suggestion that is solid and reliable.</foundation>
		<past>Trust in the safety of material needs.</past>
		<future>Opportunities for prosperity.</future>
		<blocks>Physical enjoyment.</blocks>
		<influences>Stability, commitment, safety, achievement.</influences>
		<hope_fear>Prosperity.</hope_fear>
		<outcome>Your chance to make you dreams real may appear, be ready to act upon it.</outcome>
	</card>
	<card>
		<index>75</index>
		<arcana>minor</arcana>
		<number>XII</number>
		<type>coins</type>
		<name>Knight of Coins</name>
		<color>yellow</color>
		<hex>#ffff00</hex>
		<image>coins/knight.gif</image>
		<situation>There is a thorough, yet obsessive force that is affecting you right now.</situation>
		<challenge>Know the facts, down to the last detail.</challenge>
		<higher_power>Details, details, they are your thing, every single one is attended to.</higher_power>
		<foundation>You are dedicated when on task, you check and double check.</foundation>
		<past>Work has always come first.</past>
		<future>A hard worker with tremendous stamina and dedication will complete the job.</future>
		<blocks>You don't admit it when you are wrong.</blocks>
		<influences>Hard workers, unwavering and thorough.</influences>
		<hope_fear>Nothing changes.</hope_fear>
		<outcome>Your trust will be built upon a foundation made of that which is solid and upright and lasting and therefore pursuits pay off and goals are achieved.</outcome>
	</card>
	<card>
		<index>76</index>
		<arcana>minor</arcana>
		<number>XIII</number>
		<type>coins</type>
		<name>Queen of Coins</name>
		<color>black</color>
		<hex>#000000</hex>
		<image>coins/queen.gif</image>
		<situation>Warmth trust and security are important right now.</situation>
		<challenge>Make sure others are happy and secure.</challenge>
		<higher_power>Always loyal and trustworthy.</higher_power>
		<foundation>You don't have time to fuss or make elaborate plans, something needs to get done, you do it.</foundation>
		<past>You have been sensible, warm and caring toward others.</past>
		<future>You will be counted on when times get tough.</future>
		<blocks>Make time to care for yourself.</blocks>
		<influences>Your fears are calmed, and troubles are shared with complete trust.</influences>
		<hope_fear>A nuturing force.</hope_fear>
		<outcome>You will always make due with little and come through in a pinch.</outcome>
	</card>
	<card>
		<index>77</index>
		<arcana>minor</arcana>
		<number>XIV</number>
		<type>coins</type>
		<name>King of Coins</name>
		<color>grey</color>
		<hex>#cccccc</hex>
		<image>coins/king.gif</image>
		<situation>The essence of earth behaving as air, such as a diamond, a steady reliable competent person whom has accomplished a lot in life and has a lot to show for it.  This card can also represent the material realm and the burden it produces.</situation>
		<challenge>A person with a wide range of skills and practical knowledge.</challenge>
		<higher_power>Opportunity is everywhere, and you are an enterprising adept.</higher_power>
		<foundation>You are a jack, and master, of all trades. You succeed at anything you put your mind to.</foundation>
		<past>A steady even temperament gave you stability.</past>
		<future>Support will be needed from a dependable responsible person, it could be you.</future>
		<blocks>You may be acting more stubborn than steady.</blocks>
		<influences>Reliable competence.</influences>
		<hope_fear>Commitment</hope_fear>
		<outcome>A steady even temperament will add stability to your situation.</outcome>
	</card>
</deck>